feature,importance
MolWt,0.160893032028662
TPSA,0.1508271063468101
LogP,0.14959554983979886
FractionCSP3,0.11397901030546104
HeavyAtomCount,0.09797859689442352
RotatableBonds,0.08551502065382093
NumAromaticRings,0.07472980671525677
HBA,0.07009533114014914
HBD,0.052276024536748913
RingCount,0.04411052153886866
