feature,importance
MolWt,0.16215625173574322
TPSA,0.1493162238648018
LogP,0.1451306598446083
FractionCSP3,0.11084545433302954
HeavyAtomCount,0.09903149790682411
NumAromaticRings,0.09183273025573135
HBA,0.07639903451034806
RotatableBonds,0.07429667432351438
HBD,0.05397132470803996
RingCount,0.03702014851735929
