feature,importance
MolWt,0.161631651891455
LogP,0.14628140145240953
TPSA,0.14241216092848352
FractionCSP3,0.11472789218922978
HeavyAtomCount,0.10468477574144933
NumAromaticRings,0.0843065059801451
RotatableBonds,0.08208049828229508
HBA,0.06653520578139091
HBD,0.05320973413779426
RingCount,0.0441301736153476
