feature,importance
HeavyAtomCount,0.2553789549405044
MolWt,0.24044142154744538
TPSA,0.14947664805010502
RotatableBonds,0.08709263820470718
LogP,0.07676192381226708
HBA,0.07033082676757951
FractionCSP3,0.06708363141628863
RingCount,0.027349082412992182
NumAromaticRings,0.023929379071652875
HBD,0.0021554937764579713
