feature,importance
MolWt,0.16302532533710135
LogP,0.1461172240902157
TPSA,0.14241382028628294
FractionCSP3,0.11419654879156009
HeavyAtomCount,0.10328756602472033
NumAromaticRings,0.08342332584704627
RotatableBonds,0.08177520752887205
HBA,0.06821204737779107
HBD,0.053485419055795194
RingCount,0.044063515660615026
