feature,importance
MolWt,0.16013203699922404
TPSA,0.1441497504397304
LogP,0.14361091852308572
FractionCSP3,0.1145671515112233
HeavyAtomCount,0.10290659619174365
RotatableBonds,0.0839483975407812
NumAromaticRings,0.08324645430192706
HBA,0.06932230523576871
HBD,0.0544904214964576
RingCount,0.043625967760058317
