Metric,Value
Accuracy,0.8462484624846248
Precision,0.8724727838258165
Recall,0.9288079470198676
F1,0.8997594226142742
ROC_AUC,0.8765813634779303
