Metric,Value
Accuracy,0.8661744347023534
Balanced Accuracy,0.8142394370908929
Precision,0.9009720534629405
Recall,0.9211180124223602
F1 Score,0.9109336609336609
ROC AUC,0.9335559842546026
PR AUC,0.9755602919573099
Threshold,0.43172607074677527
