Metric,Value
Accuracy,0.8666359021688971
Balanced Accuracy,0.819833959655207
Precision,0.905463474524248
Recall,0.9161490683229814
F1 Score,0.9107749305341155
ROC AUC,0.9339451587363538
PR AUC,0.9756664016035183
Threshold,0.445547732766885
