Metric,Value
Accuracy,0.8499384993849939
Precision,0.8713405238828967
Recall,0.9362582781456954
F1,0.902633679169992
ROC_AUC,0.8752099242688299
