Metric,Value
Accuracy,0.8403322565759114
Precision,0.858683314415437
Recall,0.9397515527950311
F1,0.8973902728351127
ROC_AUC,0.8676606041682928
