Metric,Value
Accuracy,0.8464085583290881
Precision,0.8935006435006435
Recall,0.9107904230895375
F1,0.9020626928699041
ROC_AUC,0.8715766763538749
