Metric,Value
Accuracy,0.8421781264420858
Precision,0.8602272727272727
Recall,0.9403726708074535
F1,0.8985163204747775
ROC_AUC,0.8680035014552225
