Metric,Value
Accuracy,0.6666666666666666
Precision,0.5
Recall,1.0
F1,0.6666666666666666
ROC_AUC,0.5
